Timestamp,Spot_Price_EUR_MWh,Electrical_Demand_MW,Thermal_Demand_MWt,District_Heating_Capacity_MWt
2026-07-27 00:00:00,66.99,45.36,60.32,20.22
2026-07-27 00:15:00,64.45,45.31,58.13,19.51
2026-07-27 00:30:00,67.59,45.01,60.26,19.88
2026-07-27 00:45:00,71.09,44.72,60.58,19.7
2026-07-27 01:00:00,64.06,43.3,58.67,19.7
2026-07-27 01:15:00,64.06,44.5,60.23,20.95
2026-07-27 01:30:00,71.32,44.59,60.09,20.67
2026-07-27 01:45:00,68.07,44.04,58.29,19.96
2026-07-27 02:00:00,63.12,44.81,60.54,21.39
2026-07-27 02:15:00,67.17,45.48,60.84,21.09
2026-07-27 02:30:00,63.15,47.26,61.62,21.68
2026-07-27 02:45:00,63.14,45.21,61.58,21.74
2026-07-27 03:00:00,65.97,45.31,57.93,20.8
2026-07-27 03:15:00,57.35,44.91,58.59,21.26
2026-07-27 03:30:00,58.1,42.7,60.77,22.55
2026-07-27 03:45:00,62.76,44.97,60.77,22.71
2026-07-27 04:00:00,60.97,45.07,60.77,22.48
2026-07-27 04:15:00,66.31,47.96,65.78,22.88
2026-07-27 04:30:00,61.48,44.77,60.86,24.11
2026-07-27 04:45:00,59.6,45.36,61.7,22.92
2026-07-27 05:00:00,71.38,44.96,61.43,24.14
2026-07-27 05:15:00,65.12,43.6,60.98,23.86
2026-07-27 05:30:00,67.18,46.37,59.53,24.17
2026-07-27 05:45:00,62.7,45.9,61.14,25.55
2026-07-27 06:00:00,68.57,45.95,58.84,25.66
2026-07-27 06:15:00,74.68,43.91,59.64,25.98
2026-07-27 06:30:00,74.53,46.68,59.27,26.7
2026-07-27 06:45:00,87.07,43.32,60.12,25.99
2026-07-27 07:00:00,91.06,45.7,63.47,26.84
2026-07-27 07:15:00,101.3,47.63,57.2,26.36
2026-07-27 07:30:00,109.52,43.81,61.03,27.17
2026-07-27 07:45:00,128.3,44.32,57.58,27.11
2026-07-27 08:00:00,128.28,45.12,59.29,27.58
2026-07-27 08:15:00,129.03,44.4,61.63,28.25
2026-07-27 08:30:00,138.27,43.14,60.1,27.39
2026-07-27 08:45:00,128.34,45.08,58.38,29.97
2026-07-27 09:00:00,129.07,43.73,58.93,27.73
2026-07-27 09:15:00,112.85,45.57,61.02,27.79
2026-07-27 09:30:00,106.2,43.9,58.9,29.89
2026-07-27 09:45:00,102.47,46.86,60.32,29.79
2026-07-27 10:00:00,94.98,44.06,60.07,29.83
2026-07-27 10:15:00,83.73,44.61,59.02,29.99
2026-07-27 10:30:00,74.44,45.98,63.22,29.61
2026-07-27 10:45:00,66.2,43.52,60.95,29.02
2026-07-27 11:00:00,54.25,45.27,56.96,29.89
2026-07-27 11:15:00,49.8,46.57,60.28,29.36
2026-07-27 11:30:00,42.66,43.07,59.01,30.0
2026-07-27 11:45:00,39.63,45.22,61.28,29.87
2026-07-27 12:00:00,26.74,45.31,58.81,29.34
2026-07-27 12:15:00,7.71,45.94,59.83,29.73
2026-07-27 12:30:00,5.51,43.52,60.76,30.0
2026-07-27 12:45:00,-6.96,43.42,61.3,29.45
2026-07-27 13:00:00,-15.89,45.63,58.2,29.17
2026-07-27 13:15:00,-15.79,45.36,59.5,29.93
2026-07-27 13:30:00,-15.87,45.3,59.29,29.82
2026-07-27 13:45:00,-14.52,45.42,59.02,29.08
2026-07-27 14:00:00,-16.56,44.18,62.65,28.95
2026-07-27 14:15:00,-6.69,45.28,60.61,29.34
2026-07-27 14:30:00,5.44,45.35,58.11,27.81
2026-07-27 14:45:00,18.46,44.14,61.38,27.63
2026-07-27 15:00:00,23.04,47.24,63.18,27.96
2026-07-27 15:15:00,33.85,45.57,61.55,28.13
2026-07-27 15:30:00,38.6,43.57,57.72,28.29
2026-07-27 15:45:00,45.32,45.79,59.27,28.96
2026-07-27 16:00:00,59.18,43.83,61.9,28.19
2026-07-27 16:15:00,66.25,45.94,58.94,27.08
2026-07-27 16:30:00,64.96,46.39,60.67,26.9
2026-07-27 16:45:00,73.74,44.02,61.16,25.81
2026-07-27 17:00:00,76.22,46.16,58.61,26.28
2026-07-27 17:15:00,78.29,45.5,59.91,25.74
2026-07-27 17:30:00,89.76,45.99,55.14,25.91
2026-07-27 17:45:00,103.37,47.28,58.46,24.67
2026-07-27 18:00:00,107.27,44.71,59.62,25.42
2026-07-27 18:15:00,124.67,44.1,58.13,25.9
2026-07-27 18:30:00,118.99,43.93,62.45,24.26
2026-07-27 18:45:00,142.89,44.02,57.85,24.35
2026-07-27 19:00:00,148.15,44.91,59.34,24.26
2026-07-27 19:15:00,151.95,45.41,60.2,23.07
2026-07-27 19:30:00,155.37,45.33,62.16,23.27
2026-07-27 19:45:00,145.19,45.99,57.85,22.8
2026-07-27 20:00:00,146.93,45.02,61.74,22.58
2026-07-27 20:15:00,141.04,46.74,60.02,21.6
2026-07-27 20:30:00,135.4,44.68,58.53,21.98
2026-07-27 20:45:00,116.39,48.26,60.69,22.1
2026-07-27 21:00:00,104.28,45.75,60.3,22.63
2026-07-27 21:15:00,95.42,43.97,59.1,22.01
2026-07-27 21:30:00,92.39,43.71,60.1,22.76
2026-07-27 21:45:00,82.96,45.58,59.42,20.23
2026-07-27 22:00:00,74.09,44.73,60.17,21.37
2026-07-27 22:15:00,74.29,45.86,60.99,20.66
2026-07-27 22:30:00,69.87,45.57,62.38,22.13
2026-07-27 22:45:00,71.54,44.91,58.14,19.62
2026-07-27 23:00:00,63.71,43.98,63.2,19.5
2026-07-27 23:15:00,64.52,43.18,57.07,19.62
2026-07-27 23:30:00,63.87,44.46,59.77,18.34
2026-07-27 23:45:00,59.36,46.03,60.88,19.59
